"0","# create dummy variable "
"0","deV07_mod <- deV07_mod %>%"
"0","  mutate(interest_dummy = ifelse(debate %in% c(1, 2), 1, 0),"
"0","         interest_factor = factor(debate),"
"0","         # factorise to increase interpretability"
"0","         gndr_dummy_f = factor(gndr_dummy, "
"0","                               levels = c(""0"", ""1""), "
"0","                               labels = c(""Female"", ""Male"")), "
"0","         unemp_issue_f = factor(unemp_issue,"
"0","                               levels = c(""0"", ""1""), "
"0","                               labels = c(""No"", ""Yes"")))"
"0",""
"0","# estimate logit model "
"0","interest1 <- polr(interest_factor ~ gndr_dummy_f, "
"0","                 data = deV07_mod, "
"0","                 Hess = T)"
"0","interest2 <- polr(interest_factor ~ gndr_dummy_f*unemp_issue_f, "
"0","                 data = deV07_mod, "
"0","                 Hess = T)"
"0","interest3 <- polr(interest_factor ~ gndr_dummy_f*unemp_issue_f + edu + relig, "
"0","                 data = deV07_mod, "
"0","                 Hess = T)"
"0",""
"0","# modelsummary "
"0","modelsummary(list(interest1, interest2, interest3), "
"0","             estimate = ""{estimate}{stars}"","
"0","             coef_map = c(""1|2"" = ""1 vs 2"","
"0","                          ""2|3"" = ""2 vs 3"","
"0","                          ""gndr_dummy_fMale"" = ""Gender"","
"0","                          ""unemp_issue_fYes"" = ""Unemployment most important issue"","
"0","                          ""gndr_dummy_fMale:unemp_issue_fYes"" = ""Gender x Unemployment most important issue"","
"0","                          ""edu"" = ""Education"","
"0","                          ""relig"" = ""Religiosity""),"
"0","             title = ""Association between interest in politics and gender"") %>%"
"0","  kable_styling(latex_options = ""hold_position"")"
