"0","# factorise DV"
"0","deV07_mod <- deV07_mod %>%"
"0","  mutate(prtystd_name_f = relevel(factor(prtystd_name), ""Lega""))"
"0",""
"0","# model"
"0","multinomial <- nnet::multinom(prtystd_name_f ~ extreme_dummy_individuals + gndr_dummy + edu + relig + unemp_issue, "
"0","                     data = deV07_mod, trace = F)"
"0","# modelsummary "
"0","modelsummary(multinomial,"
"0","             estimate = ""{estimate}{stars}"", "
"0","             title = ""Multinomial model for predicting vote choice"","
"0","             output = ""data.frame"") %>%"
"0","  filter(grepl(""extreme_dummy_individuals|(Intercept)"", term), "
"0","         grepl(""estimate"", statistic)) %>%"
"0","  dplyr::select(-1) %>%"
"0","  kbl(booktabs = T) %>%"
"0","  kable_styling(latex_options = ""hold_position"") %>%"
"0","  add_footnote(label = ""The model includes the following covariates: gender, education, religiosity and unemployment importance."", notation = ""none"")"
