"0","deV07 %>%"
"0","  dplyr::select(-c(year, prtystd)) %>% "
"0","  mutate(across(.cols = everything(), "
"0","                .fns = ~factor(.))) %>%"
"0","  datasummary_skim(type = ""categorical"", "
"0","                   title = ""Summary statistics (categorical)"") %>%"
"0","  kable_styling(latex_options = ""hold_position"") %>%"
"0","  column_spec(1, width = ""100px"") %>%"
"0","  column_spec(2, width = ""50px"") %>%"
"0","  column_spec(3, width = ""50px"") %>%"
"0","  column_spec(4, width = ""50px"")"
