"0","# compute marginal effect"
"0","interest4 <- MASS::polr(interest_factor ~ gndr_dummy*unemp_issue_f + edu + relig, "
"0","                 data = deV07_mod, "
"0","                 Hess = T)"
"0",""
"0","# marginal effect"
"0","me_plot <- marginaleffects::slopes(interest4, "
"0","                        variables = ""gndr_dummy"", by = ""unemp_issue_f"") %>%"
"0","  ggplot(aes(x = unemp_issue_f, y = estimate, "
"0","             group = factor(term))) +"
"0","  geom_point() +"
"0","  geom_errorbar(aes(ymin = estimate - std.error, ymax = estimate + std.error),"
"0","                width = 0.12) +"
"0","  geom_hline(yintercept = 0, linetype = ""dashed"") +"
"0","  expand_limits(y = 0.12) +"
"0","  facet_wrap(~group) +"
"0","  labs(y = ""Marginal effect of gender"", "
"0","       x = ""Unemployment most important issue?"","
"0","       title = ""Marginal effect of gender on\npolitical interest by unemployment salience"","
"0","       caption = ""Covariates include: education and religiosity."") +"
"0","  theme_bw() +"
"0","  theme(plot.title = element_text(size = 10),"
"0","        plot.caption = element_text(hjust = 0, size = 6)) "
