{"chunk_definitions":[{"row":34,"row_count":1,"visible":true,"expansion_state":0,"options":{"engine":"r","label":"setup","include":false},"document_id":"9114B88C","chunk_id":"csetup_chunk","chunk_label":"setup"},{"row":59,"row_count":1,"visible":true,"expansion_state":0,"options":{"engine":"r","label":"preliminaries","message":false,"warning":false},"document_id":"9114B88C","chunk_id":"cfdp2fkr3uiwv","chunk_label":"preliminaries"},{"row":79,"row_count":1,"visible":true,"expansion_state":0,"options":{"engine":"r","label":"datasummary-table-num"},"document_id":"4C97702F","chunk_id":"c135o31iz286c","chunk_label":"datasummary-table-num"},{"row":97,"row_count":1,"visible":true,"expansion_state":0,"options":{"engine":"r","label":"data-wrangling"},"document_id":"9114B88C","chunk_id":"c7uoh1k55mskc","chunk_label":"data-wrangling"},{"row":128,"row_count":1,"visible":true,"expansion_state":0,"options":{"engine":"r","label":"mean-self-rl-over-time","fig.pos":"h"},"document_id":"EA79CD1C","chunk_id":"c95h3s9zxp5wb","chunk_label":"mean-self-rl-over-time"},{"row":145,"row_count":1,"visible":true,"expansion_state":0,"options":{"engine":"r","label":"ideo-shift-table"},"document_id":"A19661C7","chunk_id":"c8h9hztjfmc0l","chunk_label":"ideo-shift-table"},{"row":161,"row_count":1,"visible":true,"expansion_state":0,"options":{"engine":"r","label":"perceived-distance-variable"},"document_id":"EA79CD1C","chunk_id":"cmwnewaxsakva","chunk_label":"perceived-distance-variable"},{"row":217,"row_count":1,"visible":true,"expansion_state":0,"options":{"engine":"r","label":"extreme-party-model"},"document_id":"EA79CD1C","chunk_id":"cdrlwn5k90n1h","chunk_label":"extreme-party-model"},{"row":235,"row_count":1,"visible":true,"expansion_state":0,"options":{"engine":"r","label":"coefplots-extreme-choice"},"document_id":"EA79CD1C","chunk_id":"c67yg3k25lllr","chunk_label":"coefplots-extreme-choice"},{"row":306,"row_count":1,"visible":true,"expansion_state":0,"options":{"engine":"r","label":"gender-interest-relation"},"document_id":"676E1AE5","chunk_id":"cgucl02pmej0i","chunk_label":"gender-interest-relation"},{"row":357,"row_count":1,"visible":true,"expansion_state":0,"options":{"engine":"r","label":"gender-interest-relation-pp","message":false},"document_id":"CD34F865","chunk_id":"c8rmtov53i71w","chunk_label":"gender-interest-relation-pp"},{"row":387,"row_count":1,"visible":true,"expansion_state":0,"options":{"engine":"r","label":"gender-interest-relation-me"},"document_id":"CD34F865","chunk_id":"cdu69bf4vpfkp","chunk_label":"gender-interest-relation-me"},{"row":395,"row_count":1,"visible":true,"expansion_state":0,"options":{"engine":"r","label":"pp-and-me-combined"},"document_id":"CD34F865","chunk_id":"ccanz6bgn8a8r","chunk_label":"pp-and-me-combined"},{"row":430,"row_count":1,"visible":true,"expansion_state":0,"options":{"engine":"r","label":"multinomial-model","message":false,"warning":false},"document_id":"676E1AE5","chunk_id":"cxjiy6rigpx1j","chunk_label":"multinomial-model"},{"row":453,"row_count":1,"visible":true,"expansion_state":0,"options":{"engine":"r","label":"multinom-ugly-summary"},"document_id":"676E1AE5","chunk_id":"crj5r2i0hfsvx","chunk_label":"multinom-ugly-summary"}],"doc_write_time":1683712149,"chunk_rendered_width":700,"working_dir":null,"default_chunk_options":{"echo":true}}